nom,categorie,score,date

islam,basics,0,2025-01-12 11:20:47
islam,oop,5,2025-01-12 11:29:09
islam,basics,0,2025-01-12 11:41:52
islam,control_flow,2,2025-01-12 11:42:07
islam,functions,0,2025-01-12 11:42:25
islam,modules_libraries,1,2025-01-12 11:42:57
islam,data_structures,3,2025-01-12 14:28:51
islam,basics,0,2025-01-12 14:31:50
aoudia nour islam,basics,0,2025-01-12 14:35:34
islam,modules_libraries,3,2025-01-12 15:29:37
walid,basics,4,2025-01-12 15:30:23
walid,basics,4,2025-01-12 15:30:30
walid,basics,4,2025-01-12 15:30:49
amar,basics,0,2025-01-12 15:44:15
amar,basics,4,2025-01-12 15:44:22
islam,data_structures,2,2025-01-13 21:10:43
user,basics,3,2025-01-13 21:11:27
user islam,control_flow,1,2025-01-13 23:26:53
user islam,basics,3,2025-01-13 23:27:20
user islam,basics,0,2025-01-13 23:27:33
user islam,control_flow,4,2025-01-13 23:28:16
islam,basics,0,2025-01-16 15:28:39
islam,basics,1,2025-01-16 15:39:07
islam,data_structures,3,2025-01-16 15:39:44
islam,basics,1,2025-01-16 15:47:02
islam,basics,3,2025-01-16 15:48:18
lolo,data_structures,1,2025-01-16 15:49:58
test,basics,2,2025-01-16 15:55:36
abdou,basics,3,2025-01-22 19:08:57
admin,basics,3,2025-01-22 19:10:20
admin,basics,6,2025-01-22 19:14:59
admin,basics,6,2025-01-22 19:40:43
